1,1,09:30AM
2,1,09:30AM
3,1,10:00AM
4,1,10:00AM
5,2,03:00PM
6,2,09:30AM
7,3,09:30AM
8,3,01:30PM
9,3,01:30PM
10,3,09:30AM
11,4,08:00AM
12,4,09:30AM
13,4,10:00AM
14,5,03:00PM
15,5,03:00PM
16,5,03:00PM
17,5,08:30AM
18,6,10:00AM
19,6,08:30AM
20,6,09:30AM
21,6,08:30AM
22,7,08:00AM
23,7,03:00PM
24,8,08:00AM
25,8,03:00PM
26,9,10:00AM
27,9,01:30PM
28,10,10:00AM
29,10,01:30PM
30,10,08:00AM
31,10,08:30AM
32,11,09:30AM
33,11,01:30PM
34,12,03:00PM
35,12,10:00AM
36,13,01:30PM
37,13,09:30AM
38,14,08:30AM
39,14,03:00PM
40,14,10:00AM
41,14,01:30PM
42,15,08:00AM
43,15,08:00AM
44,15,01:30PM
45,15,03:00PM
46,16,01:30PM
47,16,01:30PM
48,16,08:00AM
49,16,08:00AM
50,17,08:30AM
51,17,10:00AM
52,18,01:30PM
53,18,03:00PM
54,18,10:00AM
55,18,01:30PM
56,19,01:30PM
57,19,09:30AM
58,20,03:00PM
59,20,08:30AM
60,20,09:30AM
61,20,08:30AM
62,21,03:00PM
63,21,10:00AM
64,21,08:00AM
65,21,08:00AM
66,22,10:00AM
67,22,09:30AM
68,23,08:30AM
69,23,08:30AM
70,24,09:30AM
71,24,08:00AM
72,24,08:30AM
73,24,01:30PM
74,25,08:30AM
75,25,09:30AM
76,25,08:00AM
77,26,10:00AM
78,26,09:30AM
79,26,08:00AM
80,27,03:00PM
81,27,03:00PM
82,27,08:30AM
83,28,10:00AM
84,28,03:00PM
85,28,08:00AM
86,29,08:00AM
87,29,10:00AM
88,29,08:30AM
89,30,10:00AM
90,30,10:00AM
91,30,09:30AM
92,31,10:00AM
93,31,10:00AM
94,31,03:00PM
95,32,08:00AM
96,32,01:30PM
97,32,09:30AM
98,33,08:00AM
99,33,09:30AM
100,33,01:30PM
101,34,03:00PM
102,34,09:30AM
103,34,01:30PM
104,35,01:30PM
105,35,01:30PM
106,35,10:00AM
107,36,03:00PM
108,36,03:00PM
109,37,01:30PM
110,37,08:00AM
111,37,10:00AM
112,37,09:30AM
113,38,08:00AM
114,38,09:30AM
115,38,08:00AM
116,39,08:00AM
117,39,01:30PM
118,39,10:00AM
119,40,09:30AM
120,40,10:00AM
121,40,09:30AM
122,40,08:30AM
123,41,01:30PM
124,41,01:30PM
125,41,03:00PM
126,41,08:00AM
127,42,09:30AM
128,42,08:00AM
129,42,01:30PM
130,42,03:00PM
131,43,10:00AM
132,43,08:30AM
133,44,09:30AM
134,44,08:30AM
135,45,08:00AM
136,45,09:30AM
137,45,03:00PM
138,46,10:00AM
139,46,01:30PM
140,46,08:30AM
141,46,08:00AM
142,47,08:00AM
143,47,10:00AM
144,47,08:00AM
145,48,10:00AM
146,48,10:00AM
147,48,01:30PM
148,48,08:30AM
149,49,08:00AM
150,49,08:30AM
151,49,08:00AM
152,50,09:30AM
153,50,08:30AM
154,50,08:30AM
155,51,08:30AM
156,51,10:00AM
157,51,09:30AM
158,51,03:00PM
159,52,10:00AM
160,52,09:30AM
161,53,08:30AM
162,53,01:30PM
163,53,10:00AM
164,54,09:30AM
165,54,08:30AM
166,55,08:30AM
167,55,10:00AM
168,55,09:30AM
169,56,03:00PM
170,56,09:30AM
171,56,09:30AM
172,56,10:00AM
173,57,03:00PM
174,57,03:00PM
175,57,09:30AM
176,57,03:00PM
177,58,09:30AM
178,58,10:00AM
179,58,03:00PM
180,58,08:00AM
181,59,08:30AM
182,59,03:00PM
183,60,08:00AM
184,60,10:00AM
185,60,08:30AM
186,60,03:00PM
187,61,09:30AM
188,61,08:30AM
189,62,01:30PM
190,62,08:00AM
191,63,08:30AM
192,63,01:30PM
193,63,08:30AM
194,63,01:30PM
195,64,08:30AM
196,64,01:30PM
197,65,01:30PM
198,65,01:30PM
199,65,09:30AM
200,65,10:00AM
201,66,09:30AM
202,66,01:30PM
203,66,01:30PM
204,66,03:00PM
205,67,10:00AM
206,67,08:30AM
207,67,09:30AM
208,67,03:00PM
209,68,03:00PM
210,68,03:00PM
211,68,08:30AM
212,69,09:30AM
213,69,08:30AM
214,69,08:30AM
215,70,03:00PM
216,70,08:00AM
217,71,10:00AM
218,71,03:00PM
219,71,10:00AM
220,71,03:00PM
221,72,03:00PM
222,72,01:30PM
223,73,09:30AM
224,73,01:30PM
225,74,08:30AM
226,74,09:30AM
227,74,01:30PM
228,75,01:30PM
229,75,10:00AM
230,75,01:30PM
231,75,09:30AM
232,76,03:00PM
233,76,08:00AM
